marca,nome,preco_antigo_reais,preco_antigo_centavos,preco_novo_reais,preco_novo_centavos,quantidade_reviews,numero_reviews
MIZUNO,Tênis De Corrida Mizuno Hawk 6 Masculino - Marinho,384,99,55,,,
FILA,Tênis Fila Progress Efecto Masculino Esportivo Original,310,50,294,08,,
MIZUNO,Tênis De Corrida Mizuno Hawk 6 Masculino - Marinho,384,99,55,,,
SKECHERS,Tênis Maculino Go Run Consitent 2.0 220865br Skechers,399,99,57,14,,
NIKE,Tênis Nike Revolution 7 Masculino,399,99,279,99,4.9,(48)
MIZUNO,Tênis De Corrida Masculino Mizuno Space 5,389,99,55,71,,
NIKE,Nike Court Vision Low Next Nature Masculino Adultos,599,99,479,99,4.6,(247)
SKECHERS,Tênis Esportivo Masculino Go Run Consistent 2.0 Skechers,476,18,52,91,,
OLYMPIKUS,Tênis Olympikus Rua + Olympikus Gym Sack - Original,249,99,41,66,,
OLYMPIKUS,Tênis Running Masculino Olympikus Wellness 2 Preto,308,70,51,45,,
OLYMPIKUS,Tênis Running Masculino Olympikus Index 3,234,58,39,10,,
FILA,Tênis Fila Progress Efecto Masculino Esportivo Original,310,50,294,80,,
FILA,Tênis Fila Racer Comet Leve Caminhada E Corrida Masculino,349,99,34,22,,
,Tênis Corrida Lançamento Sport Casual Preto,111,31,94,61,,
NEW BALANCE,Tenis Masculino New Balance 680 V8 Corrida Profissional,502,46,48,,,
OLYMPIKUS,Tênis Running Masculino Olympikus Index 3,234,58,39,10,,
,Tênis Masculino Olymp Olimp Space Caminhada Barato Promoção.,99,20,79,60,,
NEW BALANCE,Tênis New Balance 574v2 Cinza E Branco,599,90,59,99,,
LORENZZO LOPEZ,Kit 3 Tênis Masculino Veloster Leve Academia Corrida,229,90,38,32,,
,Tênis Masculino Olymp Olimp Space Caminhada Barato Promoção,79,20,62,56,,
,Tênis Masculino Esportivo Caminhada Corrida Passeio Conforto,79,41,62,20,,
,Tênis Masculino Esportivo Academia Corrida Anti Impacto Leve,78,62,61,81,,
FILA,Tênis Fila Masculino Racer Comet Cano Baixo Leve Resistente ,349,99,34,22,,
FILA,Tênis Fila Efecto Masculino,249,55,236,43,,
OLYMPIKUS,Tênis Running Masculino Olympikus Index 3,234,58,39,10,,
RAYON,Tênis Masculino Casual Original Sneaker,99,90,69,93,,
LORENZZO LOPEZ,Kit Tênis Treino Esportivo Óculos Relógio Digital Corrida,94,90,31,63,,
MIZUNO,Tenis Mizuno Mirai 6 - Original - Corrida + Nota Fiscal,499,90,349,93,,
,Tenis Masculino Polo Wind Xtreme Fast Academia Corrida Cross,159,87,139,08,,
OLYMPIKUS,Tênis Masculino Olympikus Fluir Academia Treino Original,232,98,38,83,,
MIZUNO,Tenis Mizuno Mirai 6 - Corrida - Original + Nota Fiscal,499,90,349,93,,
OLYMPIKUS,Tênis Esportivo Olympikus Fluir Corrida Evasense Original,229,98,38,33,,
FILA,Tênis Fila Progress Efecto Masculino Esportivo Original,310,50,294,08,,
RAYON,Tênis Masculino Casual Original Costurado,109,90,79,12,,
STREET WALKER,Tênis Masculino Jogging Sapatênis Casual Confortável Corrida,159,90,31,98,,
,Tênis Genérica 997s Masculino Padrão Preço De Promoção,169,99,16,66,,
OLYMPIKUS,Tênis Olympikus Macio Volta As Aulas Corrida Escola Marte,229,99,188,59,,
STREET WALKER,Tênis Masculino Jogging Sapatênis Casual Confortável Corrida,159,90,15,68,,
FILA,Tênis Fila Racer Comet Masculino Corridas De Rua Treino,349,99,34,22,,
FILA,Tênis Fila Kr6 Frame Preto Masculino,499,90,55,54,,
,Tênis Ortopèdico Feminino Caminhada Corrida Treino Academia,132,99,126,34,,
OLYMPIKUS,Tênis Olympikus Cyber 4 Masculino Corrida Treino Academia,279,80,229,43,,
,Tênis Masculino Olymp Olimp Space Caminhada Barato Promoção!,94,90,80,66,,
ASICS,Tênis Asics Noosa Tri 14 Miami,689,90,68,99,,
MIZUNO,Tênis Mizuno Creation 20 Wave Oferta Caminhada Numero 44 45,397,97,135,30,,
ASICS,Tênis  Asics Masculino Jolt Confortável  Original Academia,399,90,57,13,,
STREET WALKER,Tênis Masculino Jogging Sapatênis Casual Confortável Corrida,78,81,7,73,,
STREET WALKER,Tênis Masculino Jogging Sapatênis Casual Confortável Corrida,78,81,39,40,,
OLYMPIKUS,Tênis Olympikus Fluir Leve Macio Evasense Confortável Lindo,234,98,39,16,,
REEBOK,Tênis Reebok Premier Pump Paris Branco Masculino,1.099,99,109,,,
FILA,Tênis Esportivo Masculino Progress Lite Fila Adulto,324,88,243,66,4.7,(443)
,Tênis Masculino Ortopédico Academia Kit Relógio Fone Sem Fio,139,90,118,91,,
,Tênis Para Academia Masculino Malhar Corrida Promoção 33y,249,99,174,99,,
ASICS,Tênis  Asics Masculino Jolt Confortável  Original Academia,399,90,57,13,,
STREET WALKER,Tênis Masculino Jogging Sapatênis Casual Confortável Corrida,78,81,7,73,,
STREET WALKER,Tênis Masculino Jogging Sapatênis Casual Confortável Corrida,78,81,39,40,,
OLYMPIKUS,Tenis Olympikus Veloz Masculino Eleva+ Gripper Original,309,95,239,95,4.8,(23)
OLYMPIKUS,Tênis Olympikus Fluir Leve Macio Evasense Confortável Lindo,234,98,39,16,,
REEBOK,Tênis Reebok Premier Pump Paris Branco Masculino,1.099,99,109,,,
ASCENSION,Kit Masculino Tênis Esportivo Mais Garrafa Mochila Academia,159,29,31,86,,
OLYMPIKUS,Tenis Olympikus Conex Masculino Casual Original,249,99,149,99,4.9,(123)
,Tênis Número Especial Esportivo Corrida E Academia 44-48,159,90,108,73,4.4,(242)
AMG,Tênis Masculino Mercedes Corrida Automobilismo,52,10,5,,,
BM,Tênis Masculino Bmw Motorsport Corrida Automobilismo Formula,52,10,5,,,
,Tênis Para Academia Masculino Malhar Corrida Promoção 33y,249,99,174,99,,
MVP FITNESS,Tênis Para Crossfit Mvp Rhino X3 Treino Corrida Academia Lpo,659,25,494,92,,
FILA,Tênis Fila Racer Comet Preto Azul E Prata - Masculino,349,99,34,22,,
FILA,Tênis Fila Racer Comet Masculino Corridas De Rua E Treino,349,99,34,22,,
PLAZA,Kit 2 Pares Tênis Casual Esportivo Masculino Relogio Digital,149,90,14,70,4.4,(343)
,Tênis Masculino Moda Fitness Caminhada Leve Barato Promoção,79,99,39,99,4.4,(368)
,Tênis Masculino Revior Esportivo Tamanho Especial 44-48,149,90,109,42,4.5,(368)
OLYMPIKUS,"Tênis Olympikus Para Academia, Caminhada, Leve E Confortável",229,90,112,65,,
FILA,Tênis Homens Eva Fila Racer Sky Antiderrapante Leve Macio,392,99,56,14,,
FILA,Tênis Masculino Fila Racer Sky Palmilha Macia Original,389,99,55,71,,
,Sapatilha Aquatica Neoprene Secarapido Sola Forte Confort,52,90,,,4.6,(1324)
,Tênis Masculino Esportivo Para Academia Caminhada Corrida,93,90,31,30,,
STREET WALKER,Kit Tênis Masculino Caminhada 2 Pares Confortável Combo Run,179,99,158,39,4.5,(16)
FILA,Tênis Masculino Corrida Leve Cano Baixo Material Respirável,349,99,34,22,,
FILA,Tênis Homens Fila Racer Sky Antiderrapante Leve Macio,394,99,56,43,,
MIZUNO,Tênis De Corrida Masculino Mizuno Goya 2 Casual 101127127,456,99,50,78,,
OLYMPIKUS,Tênis Masculino Olympikus Marte 156 Original,179,99,36,,5.0,(3)
AIR,Promo 2 Pares Por Preço De 1 Air Tn Plus Corrida Esportes,199,99,19,61,,
MIZUNO,Tênis De Corrida Mizuno Goya 2 Casual 101127127aa,456,99,44,11,,
NEW BALANCE,Tênis New Balance 1906a Cinza Masculino Importado,699,90,69,,,
MDS,Tênis Mds Sport Treino Unissex Escolar Academia Caminhada,78,65,7,,,
FILA,Tênis Masculino Eva Fila Racer Sky Palmilha Macia Original,389,99,55,71,,
FILA,Tenis Fila Masculino Marker Esportivo Para Corrida Original,479,90,292,73,,
,Tênis Número Especial Esportivo Corrida E Academia 44-48,159,90,108,73,4.4,(242)
MIZUNO,Tênis Mizuno Action 4 Preto Cinza Masculino,349,90,34,21,,
WAVE,Promoção Tenis Wave Flor De Lotus Premium Preto Off Branco,349,90,157,45,,
OLYMPIKUS,Tênis Olympikus Perfect Original Unissex Pronta Entrega Novo,333,33,99,99,,
FILA,Tênis Fila Racer Sky Masculino Corrida Caminhada Original,394,99,56,43,,
FILA,Tênis Masculino Fila Racer Sky Corrida Conforto Original,389,99,55,71,,
,Sapatilha Aquática Unissex Rio Pesca Praia Neoprene Flexível,78,90,58,38,4.7,(333)
FILA,Tênis Fila Recovery Esportivo Corrida Academia Pro Original,479,90,359,92,,
MIZUNO,Tênis Mizuno Goya 2 Masculino Preto,339,90,56,65,,
OLYMPIKUS,Olympikus Marte Masculino Adultos,139,99,13,72,4.8,(429)
GP,Kit Tenis Esportivo Corrida Resistente Carteira Mais Relogio,132,29,33,07,,
MIZUNO,Tênis Mizuno Goya 2 Preto Masculino,319,90,31,28,,
GP,Tênis Alta Performance Veloz E Ultra Leve Corridas + Relogio,122,49,30,62,,
,Tenis Esportivo Academia Conforto Masculino + Fone Sem Fio,137,10,13,44,,
NEW BALANCE,Tênis New Balance Fresh Foam Arishi V4 Preto/prata Masculino,499,90,55,54,,
BOX200,Tênis Masculino Tamanho Especial Esporte Caminhada Box 200,89,90,76,41,4.5,(897)
,Tenis Masculino Corrida Kit Relogio Carteira Tenis Veloz Top,123,47,12,10,,
GP,Kit Tênis Esporivo Masculino Com Relogio E Meia Corridas,122,49,12,01,,
GP,Tênis Corrida Academia Ultra Leve Acompanha Meia Relogio,118,57,11,62,,
GP,Tenis Masculino Alta Performance Tênis De Corrida E Relogio,117,50,11,52,,
FILA,Tênis Esportivo Masculino Progress Lite Fila Adulto,324,88,243,66,4.7,(443)
,Tênis Para Academia Masculino Malhar Corrida Promoção 33y,249,99,174,99,,
,Tênis Masculino Ortopédico Academia Kit Relógio Fone Sem Fio,139,90,118,91,,
,Tenis Masculino Corrida Academia Kit Relogio E Meia,117,50,11,52,,
,Tenis Academia Caminhada Corrida Original Garantia Promoção,79,90,7,83,,
,Tenis Olimp Esportivo Masculino Feminino Leve E Macio,78,90,69,43,4.1,(10236)
OLYMPIKUS,Tenis Olympikus Conex Masculino Casual Original,249,99,149,99,4.9,(123)
,Tênis De Corrida Confortável Calce Fácil Caminhada Esportivo,189,90,129,13,,
MIZUNO,Tênis Mizuno Action 4 Preto Laranja Masculino,349,90,34,21,,
,Tênis Número Especial Esportivo Corrida E Academia 44-48,159,90,108,73,4.4,(242)
PLAZA,Kit 2 Pares Tênis Casual Esportivo Masculino Relogio Digital,149,90,14,70,4.4,(343)
,Tênis Masculino Revior Esportivo Tamanho Especial 44-48,149,90,109,42,4.5,(368)
,Tenis Sapatenis Air Couro Eco Relogio Digital Kit Casual,167,88,33,58,,
,Tênis De Corrida Ortopédico Calce Fácil Academia Confortável,239,88,23,52,,
FILA,Tênis Esportivo Fila Racer Sky Treino Academia Leve Macio,392,99,56,14,,
SCHIARELI,Tênis Masculino Academia Corrida Calce Fácil Eva Leve 2025,139,89,128,69,,
,Tênis Caminhada Academia Treino Confort Original Amortecedor,227,88,22,34,,
,Tênis Original Masculino Caminhada Esportivo Ortopédico Leve,227,88,22,34,,
ASCENSION,Tênis Masculino Ortopédico Caminhada Treino Calce Facil,99,,33,,4.6,(131)
VILI,Tênis Masculino Academia Caminhada Vili Barato Leve Corrida,109,90,10,77,4.5,(3038)
OLYMPIKUS,Tenis Olympikus Conex Masculino Casual Original,249,99,149,99,4.9,(123)
WAVE,Queima Estoque Wave Ls Flor De Lotus Premium Preto Off 24hr,369,90,155,35,,
,Tênis Original Masculino Corrida Esportivo Ortopédico Barato,189,90,18,62,,
VILI,Tênis Masculino Academia Caminhada Vili Barato Leve Corrida,109,90,10,77,4.5,(3038)
ASCENSION,Kit Masculino Tênis Nuvem Leve Mais Garrafa Mochila Academia,169,99,34,,,
,Tênis Masculino Caminhada Academia Confort Amortecedor Cross,179,90,17,64,,
,Sapatênis Masculino Em Couro Legitimo Kit Com Relógio Tenis,179,88,17,63,,
MIZUNO,Tênis Masculino Mizuno Jet  Academia Treino Macio,299,90,49,98,,
NEW SPEED,Tênis New Speed Esporte Masculino 100% Original Caminhada,297,91,205,55,4.5,(103)
,Tenis Casual Air Kit Relogio Carteira Ortopédico Leve,131,88,12,93,,
,Tenis Olimp Masculino Academia Mega Fast Corrida Confortavel,115,31,78,90,4.3,(974)
OLYMPIKUS,Tenis Masculino Olympikus Beats Supporter Evasense - Oficial,443,38,243,86,4.8,(155)
OLYMPIKUS,Tênis Masculino Olympikus Index 3 Marinho - 43611218,239,90,39,98,,
,Tenis Sapatilha Bike Pesca Corrida Academia Neoprene Confort,53,,,,4.6,(1343)
,Tênis Masculino Revior Esportivo Tamanho Especial 44-48,149,90,109,42,4.5,(368)
,Premium Tenis Wave Ls Flor De Lotus Prophecy Promoção,199,17,33,,,
,Kit Tenis Masculino Academia + Relógio Digital Led + Meia,169,90,109,90,4.4,(1099)
AMANNER,Tênis Casual Masculino Branco Sola Alta Confortável Estiloso,78,99,71,09,4.5,(4)
,Tenis Meia Calce Facil Macio E Leve Para Caminhada E Casual,48,55,,,,
,Tenis Ortopedico Masculino Caminhada Corrida Academia Treino,130,99,12,84,,
MIZUNO,Tênis Mizuno Action 4 Azul Marinho Branco Masculino,349,90,34,21,,
,Tenis Polo Running Caminhada Masculino  Academia Super Leve,99,98,89,98,4.6,(152)
ASICS,Kit 2 Pares Ténis Asics Gel Revelation Academia Caminhada,499,99,179,99,,
ASICS,Asics Gel-nimbus 26 Masculino Preto,1.199,20,959,92,5.0,(9)
,Tenis Corrida Masculino Esportivo Calçado Ortopedico Leve,177,90,35,58,,
FRONTINNI,Tênis Masculino Ortopédico Caminhada Academia Corrida,119,90,68,34,5.0,(1)
,Tênis Esportivo Masculino Feminino Academia Macio Novo Leve,129,90,89,90,4.3,(27)
ASICS,Kit 2 Pares Ténis Asics Gel Revelation Para Academia Macio,499,99,179,99,,
ASICS,Kit 2 Pares Ténis Asics Gel Revelation Para Treinos Corrida,499,99,179,99,,
ASICS,Kit 2 Pares Ténis Asics Gel Revelation Top Confortável Leve,499,99,179,99,,
MIZUNO,Mizuno Wave Mirai 6 Masculino Adultos,529,32,418,16,4.7,(225)
GP,Tenis Corrida Alta Performance Rapido Relogio Carteira Gp,132,20,33,05,,
GP,Kit Tenis Masculino Esportivo Com Relogio E Carteira,132,20,33,05,,
,Tenis Masculino Academia Corrida Caminhada Leve Barato,69,90,59,41,4.6,(1549)
,Tênis Academia Homem Corrida Esportes Kit Fone Bluetooth,147,97,14,51,,
LETS,Tênis Masculino De Corrida Olymp Lets Promoção,77,90,7,64,,
,Tênis Corrida Alta Performance Masculino Kit Tenis E Fone,138,17,13,55,,
,Tenis Blueberry 33y Academia Confortável Knit Tecido,182,90,155,46,,
PLAZA,Kit 2 Pares Tênis Casual Esportivo Masculino Relogio Digital,149,90,14,70,4.4,(343)
,Tênis Masculino Revior Esportivo Tamanho Especial 44-48,149,90,109,42,4.5,(368)
,Tenis Masculino Esporte Academia Velocidade Relogio Carteira,123,38,12,10,,
,Tenis Alta Performance Masculino Veloz Leve Corrida Academia,112,69,37,56,,
VIA LIVRE,Tenis Masculino Caminhada Corrida Casual Confortavel Promoça,134,90,101,17,4.4,(208)
,Tênis Corrida Academia Esportes Kit Relogio E Carteira,116,36,11,41,,
DM DAMANDO,Tenis Masculino Confortavel/academia/crossfit + Relógio,74,90,37,45,4.5,(6670)
ULTRABONE,Tênis Esportivo Academia Treino Corrida Confortável +relógio,99,90,79,92,,
UNDER ARMOUR,Under Armour Charged Slight 3 Masculino Preto Adultos,359,90,323,91,5.0,(2)
,Tênis Cross Tryd 5400 Academia Caminhada Confortável Leve,99,99,69,99,4.5,(2467)
,Tênis Masculino Academia Original Feet Mega Leve Confortavel,119,90,71,94,4.9,(7)
FILA,Fila Racer Comet Masculino Adultos,362,49,260,99,4.6,(150)
OLIMPAK,Tênis Esportivo Masculino Olimpak Para Caminhada Academia,101,51,9,95,4.4,(3673)
GP,Tenis Masculino Corrida Alta Performance Tênis Veloz Street,102,89,10,09,,
FILA,Tênis Esportivo Masculino Progress Lite Fila Adulto,324,88,243,66,4.7,(443)
,Tênis Olympus Masculino Feminino Academia Caminhada Levinho,78,99,68,72,4.6,(347)
ASCENSION,Tenis Ortopedico Masculino Corrida Caminhada Academia Treino,109,33,36,,4.4,(703)
ASCENSION,Kit Masculino Tênis Esportivo Mais Garrafa Mochila Academia,159,29,31,86,,
BOX200,Tênis Masculino Tamanho Especial Esporte Caminhada Box 200,89,90,76,41,4.5,(897)
,Tênis Masculino Esportivo Academia Leve Promoção Kit 2 Pares,149,79,14,68,4.8,(90)
OLYMPIKUS,Tênis Masculino Olympikus Challenger 5 Caminhada Treino,425,93,255,,4.7,(31)
OLYMPIKUS,Tênis Olympikus Index 3 Esportivo Original,199,10,179,82,4.8,(276)
MIZUNO,Tênis Mizuno Creation 20 Wave Oferta Caminhada,339,90,135,96,,
UNDER ARMOUR,Under Armour Pacer Masculino 3026556,449,99,189,99,4.5,(11)
UNDER ARMOUR,Tênis Under Armour Charged Quicker Unissex,399,90,279,93,5.0,(13)
UNDER ARMOUR,Tênis Charged Wing Under Armour Masculino/feminino Original,339,99,219,91,4.8,(195)
BF SHOES,Kit 2 Pares Tênis Masculino Para Academia Treino Smartwatch,276,77,179,90,,
MAJOR,Tênis Esportivo Olimp Major Academia Super Leve Promoção,78,90,7,73,4.6,(46)
,Tênis Esportivo It Shoes Amortecedor Gel Masculino,174,90,104,94,4.6,(1167)
OLYMPIKUS,Tênis Modulo Masculino Olympikus *oferta*,249,99,145,99,4.8,(68)
AMARELINHA,Tênis Masculino Pra Caminhada Academia Confortável Pramalhar,49,90,40,,4.4,(76)
ASCENSION,Tênis Masculino Ortopédico Caminhada Treino Calce Facil,99,,33,,4.6,(131)
FILA,Tênis De Corrida Fila Comet Lançamento Macio Leve Conforto,449,99,359,99,,
DIX,Tênis Para Academia Masculino Malhar Corrida Promoção,78,90,67,06,4.6,(3596)
OLYMPIKUS,Olympikus Treino Dynamic Masculino Adultos,209,99,20,59,4.8,(10523)
OLYMPIKUS,Tenis Olympikus Original  Academia Caminhada + Frete Gratis,333,90,99,79,,
OLDSEN,Tenis Masculino Casual Macio Caminhada Treino Oldsen Bmax ,78,99,7,74,4.2,(240)
GP,Tênis Veloz Alta Performance Conforto Com Relogio Carteira,137,10,34,28,,
AMG,Tênis Masculino Mercedes Corrida Automobilismo,99,90,33,30,,
ASICS,Tênis Masculino Asics Gel Revelation Original Corrida Treino,99,90,33,30,,
UNDER ARMOUR,Tênis De Corrida Masculino Under Armour,289,99,245,99,4.8,(189)
,Tenis Feminino Casual Nyc Shoes Masculino Moda Adulto,69,90,6,85,4.5,(5206)
ABUZZE,Tênis Masculino De Corrida I Free-run,49,90,4,89,,
BF SHOES,Tênis Esportivo Masculino Para Malhar Confortável Lançamento,112,37,75,90,4.5,(2248)
,Kit Tênis Masculino Academia Ultra Leve + Relogio Carteira,127,39,31,85,,
OLYMPIKUS,Tênis Olympikus Marte Masculino Esportivo Corrida Caminhada,280,67,168,40,4.7,(46)
,Tênis Masculino Corrida Caminhada Academia Macio Barato Top,51,90,44,31,4.4,(4666)
GP,Tenis Corrida Veloz Confortavel Gp Kit Com Relogio E Meia,122,49,30,62,,
,Tênis Cross Tryd 5400 Academia Caminhada Confortável Leve,99,99,69,99,4.5,(2467)
,Tênis Esportivo It Shoes Amortecedor Gel Masculino,179,90,104,90,4.6,(2163)
,Tênis Esportivo Masculino Confortável Para Treinos Corridas,119,55,75,31,4.7,(67)
SAPATOFRAN,Tênis Caminhada Corrida Masculino Preto Lançamento Tendência,83,74,58,62,4.5,(64)
OLYMPIKUS,Tênis Masculino Esportivo Dynamic Cover Grid Olympikus Novo,254,13,194,99,4.9,(307)
,Tênis Masculino Academia Estilo Conforto Carteira + Relogio,122,49,12,01,,
,Tênis Esportivo Corrida E Academia Conforto E Leveza,120,60,99,20,,
,Tênis Corrida Masculino Academia Confortavel E Relogio,112,69,11,05,,
ASICS,Tênis  Asics Masculino Jolt Confortável  Original Academia,399,90,57,13,,
NEW BALANCE,Tênis Masculino New Balance Original Couro Academia Macio,399,70,119,90,,
UNDER ARMOUR,Under Armour Charged Slight 3 Masculino Branco Adultos,359,90,341,90,,
T-SHOES,Tênis Extremecross Speed Trekking Trilha Ciclismo Corrida,174,49,153,55,4.5,(494)
,Tenis Menino Infantil Ad Escolar Esportivo Merks ,62,90,59,75,4.6,(1026)
,Tênis Masculino Esportivo Caminhada Academia Corrida - It,78,90,74,95,4.5,(520)
OLYMPIKUS,Tênis Dynamic Olympikus Esportivo Caminhada Corrida Treino,307,99,277,19,,
KOLOSH,Tênis Esportivo Masculino Velocit Tecnologia Energy+ Kolosh,269,99,200,99,,
MIZUNO,Tênis Mizuno Stratos 2 Corrida Preto - Masculino,699,99,67,57,,
CARDUME,Sapatilha Cardume Porus Preto,74,90,71,15,4.9,(14)
AMARELINHA,Tênis Masculino Pra Caminhada Academia Confortável Pramalhar,49,90,40,,4.4,(76)
ASCENSION,Tenis Masculino E Feminino De Caminhada Ortopedico Crossfit,78,65,7,,4.6,(3736)
,Kit Combo 2 Tenis Masculino Academia Caminhada Corrida Top,255,,153,,4.6,(3275)
OLYMPIKUS,Tênis Olympikus Para Corrida Corre 4 Branco,499,99,55,55,,
FILA,Tênis Fila Racer Comet Alta Performance Masculino - Original,399,99,319,99,,
,Tênis Masculino Olymp Olimp Space Caminhada Barato Promoção,77,10,61,68,5.0,(7)
OLYMPIKUS,Olympikus Casual Eros Sem gênero Adultos,219,34,188,46,4.7,(755)
UNDER ARMOUR,Under Armour Charged Slight 3 Masculino Branco Adultos,359,90,341,90,,
MIZUNO,Mizuno Enigma Masculino Preto Adultos,399,90,379,90,4.4,(5)
,Tenis Ortopedico Masculino Caminhada Corrida Academia Treino,130,99,12,84,,
,Tenis Homem Corrida Caminhada Frete Gratis Garantia Envio Já,79,90,7,83,,
OLYMPIKUS,Tênis Olympikus Esportivo Corrida Leve Treino Apolis Novo,227,99,196,07,,
,Kit Tenis Corrida Caminhada Super Leve Fone Bluetooh Lindo,146,90,36,72,,
,Tenis Masculino Shiarelli Extra Leve Tendencia Do Ano Barato,159,99,15,68,,
STREET WALKER,Tênis Corrida Academia Esportivo Esporte Masculino Caminhada,77,30,69,79,4.6,(16)
OLDSEN,Tenis Masculino Infantil Jaguar De Corrida Academia 34-43,78,90,63,12,4.6,(800)
OLYMPIKUS,Tênis Olympikus Volcan 2 Caminhada Treino Corrida Academia,189,87,18,61,4.9,(78)
AMG,Tênis Masculino Mercedes Corrida Automobilismo,103,10,10,,,
,Kit Tenis Esportivo Leve Corrida Academia + Relogio Carteira,132,29,33,07,,
,Tênis Masculino Esportivo Academia Leve Promoção Kit 2 Pares,149,79,14,68,4.8,(90)
,Kit Tenis Masculino Esportivo Academia Caminhada Com Relogio,127,30,31,82,,
GP,Tenis Masculino Esportes Academia Rapido Combo Meia Relogio,127,30,31,82,,
UNDER ARMOUR,Under Armour Charged Slight 3 Masculino Preto Adultos,359,90,323,91,5.0,(2)
ADIDAS,adidas Grand Court 2.0 2.0 Masculino GW9261,349,99,239,06,5.0,(1)
LA FAIRE,Tênis Esportivo Academia Caminhada Corrida Masculino Leve,78,90,7,73,,
,Tênis Sneakers Air Casual Unissex Moda Skate Force Promoção,78,90,74,16,4.5,(50)
GP,Tenis Masculino Conforto Veloz E Leve Combo Meia + Relogio,127,30,12,48,,
,Tenis Corrida Academia Kit Relogio Com Carteira Brinde,127,30,12,48,,
OLYMPIKUS,Tênis Masculino Olympikus Marte Treino Caminhada Casual,275,75,178,52,4.8,(63)
ASCENSION,Kit Masculino Tênis Esportivo Mais Garrafa Mochila Academia,159,29,31,86,,
,Tenis Masculino Original Para Caminhada E Academia + Relogio,39,90,3,91,4.4,(169)
,Tênis Corrida Masculino Academia Conforto Carteira Relogio,122,49,12,01,,
OLYMPIKUS,Tenis Masculino Soma Olympikus Dia A Dia Original,249,99,189,99,4.8,(113)
CARDUME,Sapatilha Cardume Porus Preto,74,90,71,15,4.9,(14)
FXB,Tênis Masculino Caminhada Academia Esportivo Origina Fxb 515,69,90,59,41,4.5,(361)
,Tênis Masculino Academia Original Feet Mega Leve Confortavel,119,90,71,94,4.9,(7)
UNDER ARMOUR,Under Armour Pacer Masculino Adultos,449,99,226,94,4.7,(1702)
,Tênis Branco Masculino Estiloso E Confortável Casual Esporte,99,90,33,30,,
D.S.,Tenis Esportivo Ds Go Ahead Estilo Leve Confortavel,61,02,54,91,4.5,(119)
,Tênis Masculino Leve Macio Advanced Running Fit Academia ,124,90,67,63,4.4,(139)
EVERLAST,Tênis Everlast Bunker,115,33,38,,5.0,(1)
OLYMPIKUS,Tênis Masculino Olympikus Volcan Academia Corrida Original,249,99,174,99,4.7,(209)
BF SHOES,Tênis Bf Shoes Academia Masculino Esportivo Caminhada Branco,106,53,63,92,4.6,(8511)
STREET WALKER,Tênis Masculino Academia Corrida Esportivo Leve Confortável,99,99,89,99,4.5,(40)
GP,Tênis Corrida Masculino Academia Confortavel Ultra Leve,75,45,7,40,,
SKECHERS,Tênis Masculino Go Run Fast Skechers Novo,349,99,243,99,4.9,(77)
ABUZZE,Tênis Masculino Abuzze Run Original,59,78,5,,,
OLYMPIKUS,Tenis Olympikus Conex Masculino Casual Original,249,99,149,99,4.9,(123)
,Tênis Masculino Moda Fitness Caminhada Leve Barato Promoção,79,99,39,99,4.4,(368)
,Tênis Masculino Ortopédico Academia Kit Relógio Fone Sem Fio,139,90,118,91,,
,Tenis Masculino Olim Academia Leve Confortavel Original Feet,109,99,98,99,4.6,(247)
,Tênis Masculino Esportivo Academia Caminhada Leve E Macio,58,,,,,
FILA,Tenis Masculino Fila - Original,484,84,290,90,4.8,(237)
OLYMPIKUS,Tênis Olympikus Orbita Confortável Original Esportivo,249,99,181,99,4.7,(38)
VANS,Tênis Vr3 Ultrarange Unissex Marshmallow,629,99,188,99,5.0,(1)
OLYMPIKUS,Olympikus Diffuse 5 Masculino Adultos,299,99,208,99,4.8,(781)
VILI,Tênis Masculino Academia Caminhada Vili Barato Leve Corrida,109,90,10,77,4.5,(3038)
ASCENSION,Tênis Masculino Ortopédico Caminhada Treino Calce Facil,99,,33,,4.6,(131)
UNDER ARMOUR,Under Armour Charged Slight 3 Masculino Preto Adultos,359,90,323,91,5.0,(2)
OLYMPIKUS,Tenis Masculino Olympikus Academia Caminhada Corrida Macio,333,90,99,79,,
OLDSEN,Tênis Masculino Para Correr Caminhar Colorado Oferta Barato ,78,90,71,01,4.3,(1172)
VANS,Tênis Masculino Vans Old Skool Knu Skate Conforto,270,60,237,60,,
OLDSEN,Tenis Casual Feminino Masculino Academia Caminhada Original,78,90,59,17,,
RAYCONN,Tenis 4 Molas Masculino Corrida Caminhada Running Original,186,95,164,51,4.5,(152)
,Tenis Blueberry 33y Academia Confortável Knit Tecido,182,90,155,46,,
ASCENSION,Kit Masculino Tênis Esportivo Mais Garrafa Mochila Academia,159,29,31,86,,
,Tênis Cross Tryd 5400 Academia Caminhada Confortável Leve,99,99,69,99,4.5,(2467)
,Tênis Masculino Academia Original Feet Mega Leve Confortavel,119,90,71,94,4.9,(7)
VIA LIVRE,Tênis Masculino Advanced Aero Academia Trabalho Treino Macio,156,32,54,71,4.5,(97)
ADIDAS,Tênis adidas Grand Court 2.0 Masculino Preto,319,90,53,32,4.8,(23)
UNDER ARMOUR,Tênis Masculino Under Armour Charged Wing Se Envio Imediato,290,90,48,48,,
EVERLAST,Tenis Masculino Everlast Climber Everknit Treino - Original,378,90,207,38,4.7,(48)
,Tenis Olimp Esportivo Para Academia Caminhada Corrida Casual,79,90,39,95,,
,Tenis Confortavel Homem Leve Macio + Par De Meias Lupo,137,90,96,53,,
ABUZZE,Tênis Masculino Esportivo Corrida E Caminhada,140,40,78,20,,
OLYMPIKUS,Tênis Masculino Diffuse 5 Olympikus,299,99,232,99,4.8,(273)
,Tênis Masculino Olymp Olimp Space Caminhada Barato Promoção ,69,90,64,30,4.4,(3782)
,Tênis Masculino Academia Caminhada Corrida Training Bylbow,119,90,65,94,4.6,(4249)
,Tenis Masculino Revelation Original Couro Academia Garantia,79,90,7,83,,
,Tenis Asics Academia Caminhada Corrida Original Garantia,79,90,7,83,,
,Tenis Masculino Kit Carteira Relogio Sapato Esportivo Veloz,127,30,12,48,,
OLDSEN,Tênis Masculino Jaguar Oldsen Treino Corrida Promoção Top,78,97,7,74,4.4,(3287)
GP,Tênis Kit Sapato Meia Relogio Tenis Esportivo Conforto Gp,112,64,11,04,,
NEW BALANCE,New Balance 411v3 Masculino Adultos,374,88,299,90,4.8,(71)
OLYMPIKUS,Tênis Olympikus Proof Masculino Preto Original,199,99,33,33,4.7,(108)
MIZUNO,Tênis Mizuno Space 4  Masculino Corrida Academia,328,21,54,70,4.9,(21)
STREET WALKER,Tênis Masculino Academia Corrida Esportivo Leve Confortável.,99,22,77,61,5.0,(1)
,Tênis Esportivo Ultrabr O2x Academia Caminhada Confortavel,75,90,37,95,,
,Kit Tênis Casual Caminhada Esportivo Relógio Chinelo Básico,179,90,138,52,,
OLDSEN,Tenis Corrida Casual Insanity Leve Confortável Macio 34-43,78,90,59,96,4.4,(452)
OLYMPIKUS,Tênis Olympikus Estilo Masculino Corrida,285,70,199,99,,
FILA,Tenis Fila Racer Comet Masculino Esportivo Pro Leve Original,449,99,359,99,,
FILA,Tênis Fila Recovery Masculino Esportivo Lançamento Original,449,90,359,92,,
OLYMPIKUS,Olympikus 24/7 Lap Masculino Adultos 43769946,229,99,189,15,4.8,(14001)
MIZUNO,Mizuno Enigma Masculino Preto Adultos,399,90,379,90,4.4,(5)
FILA,Tenis Fila Original Racer Comet Masculino Corrida Academia ,362,49,260,99,4.6,(246)
FRONTINNI,Tênis Masculino Para Caminhada Com Calce Fácil Slip On,74,90,37,45,5.0,(1)
OLYMPIKUS,Tenis Unissex Olympikus Eros Casual Social Urbano - Original,299,49,179,69,4.8,(256)
MIZUNO,Tênis Mizuno Wave Prophecy 13 Masculino - Azul Marinho,1.799,60,1.295,,,
ULTRABONE,Tenis Masculino Ultrabone Preto Academia Esportivo Caminhada,69,90,55,92,,
OLYMPIKUS,Tenis Masculino Olympikus Proof ,236,25,169,15,4.8,(373)
RAINHA,Tênis Rainha Vl 2500 Futsal Vôlei Academia Capoeira Corrida,78,90,7,73,4.7,(1542)
OLYMPIKUS,Olympikus Caminhada Urano 2 Sem gênero Adultos,229,99,38,33,4.8,(2211)
OLYMPIKUS,Olympikus Casual Jogging 101 Masculino Adultos 43440197-1-030,199,99,141,99,4.6,(1817)
ASCENSION,Kit Masculino Tênis Esportivo Mais Garrafa Mochila Academia,159,29,31,86,,
,Tênis Cross Tryd 5400 Academia Caminhada Confortável Leve,99,99,69,99,4.5,(2467)
UNDER ARMOUR,Under Armour Charged Slight 3 Masculino Preto Adultos,359,90,323,91,5.0,(2)
OLYMPIKUS,Tênis Esportivo Masculino Cosmo Olympikus,229,99,171,99,4.9,(459)
OLYMPIKUS,Olympikus Casual Jogging 101 Masculino Adultos 43440197-1-030,199,99,141,99,4.6,(1817)
ASCENSION,Tenis Masculino E Feminino De Caminhada Ortopedico Crossfit,78,65,7,,4.6,(3736)
,Tênis Masculino Academia Rixxon Leve Promoção Barato ,94,10,59,28,4.5,(913)
NEW BALANCE,Tenis Masculino New Balance Fresh Foam 680 Classic - Oficial,721,60,432,96,4.6,(15)
OLYMPIKUS,Olympikus Casual Index 3 Sem gênero Adultos 43611218-1-030,189,99,161,49,4.8,(2797)
,Tênis Masculino Academia Original Feet Mega Leve Confortavel,119,90,71,94,4.9,(7)
BOX200,Tênis Masculino Tamanho Especial Esporte Caminhada Box 200,89,90,76,41,4.5,(897)
UNDER ARMOUR,Under Armour Charged Slight 3 Masculino Branco Adultos,359,90,341,90,,
ACTVITTA,Tênis Masculino Actvitta Casual Esportivo Slip On,159,59,15,,4.9,(9)
UNDER ARMOUR,Tênis Under Armour Crossfit Masculino Charged Wing Academia,312,38,249,90,4.7,(209)
ULTRABONE,Tênis Unissex Ultrabone Black Esportivo Material Respirável,98,71,86,86,4.5,(43)
,Kit Tenis Preto Polo Runing Academia Macio Relógio Chinelo,179,90,143,92,,
OLYMPIKUS,Tênis Masculino Jogging 101 Olympikus *oferta*,199,99,141,99,4.5,(236)
MIZUNO,Tênis De Corrida Masculino E Feminino Hawk 5 Mizuno,216,63,176,99,4.7,(917)
CARDUME,Sapatilha Cardume Porus Preto,74,90,71,15,4.9,(14)
AMARELINHA,Tênis Masculino Pra Caminhada Academia Confortável Pramalhar,49,90,40,,4.4,(76)
ASICS,Tênis  Asics Masculino Jolt Confortável  Original Academia,399,90,57,13,,
PROSPECT,Kit 2 Tênis Masculino Sport Caminhada Academia + Óculos,179,90,118,73,,
UNDER ARMOUR,Tênis Under Armour Quicker Charged Masculino Branco Adulto,499,99,289,99,4.9,(178)
,Tênis Esportivo Academia Corrida Caminhada Tamanho Grande,119,90,59,95,,
FITPRO,Tenis Academia Esportivo Confort Antiderrapante Mais Vendido,119,90,113,90,4.5,(2)
,Tenis Masculino Combo Sapato Mais Fone Sem Fio Para Esportes,147,97,36,99,,
NEW SPEED,Kit 2 Pares De Tenis New Speed Classico Running Lançamento,389,90,331,41,,
ABUZZE,Tênis Masculino De Corrida I Free-run,99,90,33,30,,
NEW BALANCE,New Balance Fresh Foam X 1080 V12 Masculino Adultos,999,90,699,90,5.0,(13)
VANS,Tênis Vans Knu Skool White True Navyy,279,90,167,94,,
MIZUNO,Tênis Mizuno Wave Prophecy 13 Liquidação - Ori,1.100,50,1.045,,,
,Tênis Gp Sapato Masculino Leve E Conforto Academia Caminhada,107,70,35,90,,
OLYMPIKUS,Tênis Olympikus 100% Original Preto Academia Treino Adulto,229,90,160,93,4.8,(826)
,Kit Tênis Masculino Esportivo Academia Treino Corrida + Fone,114,90,109,15,,
,Tênis Masculino Ortopédico Academia Kit Relógio Fone Sem Fio,139,90,118,91,,
MIZUNO,Tênis Masculino Mizuno Jet Original Macio Invio Imediato,399,70,119,90,,
OLYMPIKUS,Olympikus Treino Volcan Masculino Adultos,199,99,169,99,4.7,(1677)
,Kit Tênis Masculino Corrida Conforto Resistente Leve Fone,146,90,36,72,,
,Tênis  Sport Academia Corrida Preto Sapatenis Unissex,78,98,56,07,,
,Tênis Masculino Academia Fast New Tecknit Pro Air Corrida,154,90,15,19,,
,Tênis Esportivo Ultrabr Pra Todas Ocasiões,108,59,10,,,
NEW BALANCE,Tênis Masculino New Balance Original Couro Academia Macio,399,70,119,90,,
FILA,Fila Recovery Masculino Adultos,299,05,284,34,4.7,(1979)
OLYMPIKUS,"Tênis Olympikus Para Academia, Caminhada, Leve E Confortável",229,90,128,74,,
,Tenis Macio Blueberry 33y Academia Confortável Knit Cinza,154,97,30,99,,
POLO JOY,Combo 2 Pares Tenis Masculino Polo Joy Casual Slip On Iate,249,90,174,93,4.7,(245)
ABUZZE,Tênis Masculino De Corrida I Free-run,119,90,11,75,,
MIZUNO,Tênis Masculino Mizuno Jet Academia Confortavel Preto Branco,399,70,119,90,,
MIZUNO,Tênis Mizuno Wave Prophecy 14 Preto Esportivo Importado,1.099,90,109,,,
,Tenis Masculino Para Academia Boots #promoção,105,90,63,54,4.4,(12)
PLAZA,Kit 2 Pares Tênis Casual Esportivo Masculino Relogio Digital,149,90,14,70,4.4,(343)
ASICS,Tênis Masculino E Feminino Asics Treino Confortável Promoção,333,90,99,79,,
,Tenis Olympik Masculino Feminino Lançamento Pronta Entrega,79,74,7,,,
D3,Tênis Masculino D3,129,90,12,73,,
,Tenis Olimpus Masculino Feminino Academia Lançamento 2025,79,74,7,,,
ASICS,Tênis Feminino E Masculino Asics Treino Confortável Promoção,333,90,99,79,,
ASICS,Tênis Asics Corrida Macio Original Garantia,333,90,99,79,,
,Tênis Para Academia Masculino Malhar Corrida Promoção 33y,249,99,174,99,,
OLYMPIKUS,Tenis Olympikus Conex Masculino Casual Original,249,99,149,99,4.9,(123)
,Tênis Masculino Ortopédico Academia Kit Relógio Fone Sem Fio,139,90,118,91,,
FILA,Tênis Fila Racer Speedzone Homem,599,90,539,91,5.0,(29)
GP,Kit Tenis De Corrida Masculino + Relógio Running Super Leve,95,41,31,80,,
,Kit Tênis Masculino Treino Esporte Óculos Relógio Caminhada,109,90,36,63,5.0,(1)
ASICS,Kit 2 Pares Ténis Asics Gel Revelation Confortável Top Leve,499,99,179,99,,
OLYMPIKUS,Tenis Masculino Olympikus Dynamic,391,56,234,94,4.8,(393)
LORENZZO LOPEZ,Tenis Masculino Caminha E Academia Super Leve Na Promoção,39,90,3,91,4.5,(100)
,Tênis Número Especial Esportivo Corrida E Academia 44-48,159,90,108,73,4.4,(242)
ASCENSION,Tênis Masculino Ortopédico Caminhada Treino Calce Facil,99,,33,,4.6,(131)
,Tenis Blueberry 33y Academia Confortável Knit Tecido,182,90,155,46,,
LORENZZO LOPEZ,Kit 3 Tênis Masculino Academia E Corrida Super Macioo E Leve,199,90,33,32,5.0,(3)
,Tenis Homem Corrida Caminhada Frete Gratis Garantia Envio Já,79,90,7,83,,
,Tênis Femiinino Rekoba Dubai Esportivo Corrida Academia,140,67,119,,,
SKECHERS,Skechers GORun Fast Masculino Adultos,277,67,46,28,4.7,(17)
NEW BALANCE,Tênis Masculino New Balance 530 Academia Caminhada Corrida,399,70,119,90,,
,"Tenis Olympikus Proof 3 Masculino Numero 45,46,47,48",209,90,199,40,4.8,(715)
,Tênis Masculino Moda Fitness Caminhada Leve Barato Promoção,79,99,39,99,4.4,(368)
ASCENSION,Kit Masculino Tênis Esportivo Mais Garrafa Mochila Academia,159,29,31,86,,
VILI,Tênis Masculino Academia Caminhada Vili Barato Leve Corrida,109,90,10,77,4.5,(3038)
FILA,Tenis Fila Racer Nairobi Masculino-cinza/marinho/bege,292,73,48,79,4.9,(8)
ASICS,Tênis Asics Raiden 4 Masculino Treino Academia ,349,90,283,60,4.8,(92)
FILA,Tênis Fila Masculino Racer Comet Corrida 10km Original,399,90,279,93,,
MIZUNO,Tenis Mizuno Cool Ride 2 Original - Corrida + Nota Fiscal,379,90,272,65,4.9,(8)
,Tênis Masculino Caminhada Academia Confort Amortecedor Cross,199,90,129,93,,
ABUZZE,Tênis Unisex Corrida E Academia Ifree-run Super Barato,100,65,78,,,
STREET WALKER,Tênis Masculino Olymp Olimp Space Caminhada Barato Promoção.,76,50,59,85,4.0,(4)
STREET WALKER,Kit 3 Pares Tênis Academia Treino Corrida Caminhada Leve,189,90,180,40,,
,Tênis Masculino Lege21 Total Conforto Qualidade Esporte,140,,35,,,
,Sapatilha Híbrida Aquática Pesca Neoprene Trilha Bike Praia,53,,,,4.6,(381)
,Tênis Masculino Moda Fitness Caminhada Leve Barato Promoção,79,99,39,99,4.4,(368)
,Tenis Olympik Masculino Feminino Lançamento Envio Imediato,89,99,8,82,,
,Tenis Sapatilha Neoprene Bike Pesca Unissex Top Promoção ,52,,,,4.6,(619)
ASICS,Kit 2 Pares Ténis Asics Gel Revelation Leve Macio Crossfit,499,99,179,99,,
PUMA,Puma Runner City Bdp Masculino Adultos,449,90,301,43,4.7,(134)
PROSPECT,Kit 2 Tênis Masculino Esportivo Casual Confortável Promoção,119,90,11,75,,
DUBBELE,Tenis Masculino Academia Corrida Wave Force Promoção Barato,78,89,7,73,4.2,(916)
ASCENSION,Tênis Masculino Academia  Esportivo Confort Original Asc,159,70,111,79,,
RAINHA,Tênis Rainha Drive Iii Unissex Corrida Academia Original,199,99,159,99,4.8,(25)
STREET WALKER,Kit 3 Pares Tênis Academia Corrida Caminhada Treino,199,90,159,92,4.5,(2)
,Tenis Ortopedico Masculino Corrida Caminhada Tamanho Grande,139,35,132,38,4.7,(194)
OLYMPIKUS,Tênis Olympikus Vibração Masculino Esportivo - Original,199,90,151,90,4.7,(855)
ASICS,Tênis Asics Gel-nimbus 26 Masculino- Verde,1.299,93,844,49,5.0,(8)
OUSY SHOES,Kit Tênis Masculino Caminhada 3 Pares Easy Confortável Combo,229,90,159,99,4.5,(12960)
OLYMPIKUS,"Tênis Olympikus Para Caminhada, Corrida, Academia E Casual",229,90,112,65,,
ABUZZE,Tênis Esportivo Masculino Estilizo De Passeio Barato,109,90,36,63,,
PLAZA,Kit 2 Pares De Tênis Masculino Academia Caminhada Casual Neo,139,90,13,71,4.2,(745)
,Tenis Esportivo Masculino Caminhada Treino Academia Conforto,109,33,36,,4.5,(64)
SCHIARELI,2 Pares Palmilha Anti-impact Confortavel Tênis Sapatenis 119,39,90,27,93,4.4,(58)
FILA,Tênis Masculino Fila Racer Brave Run,149,90,14,70,4.8,(4)
,Tenis Hibrido Sapatilha Aquatica Neoprene Confortável Top,54,,,,4.5,(82)
ASICS,Tênis Asics Gel-nimbus 26 Masculino,1.199,99,851,20,5.0,(3)
,Tênis Masculino Ortopédico Academia Kit Relógio Fone Sem Fio,139,90,125,90,5.0,(1)
OLYMPIKUS,Tênis Olympikus Dynamic Esportivo Academia Leve Original,279,99,265,99,5.0,(15)
ABUZZE,Tênis Masculino Barato Original Academia Corrida Caminhada,99,90,9,79,,
OLYMPIKUS,Olympikus Only 2 Masculino Adultos,199,99,162,88,4.7,(4873)
,Tênis Masculino Revior Esportivo Tamanho Especial 44-48,149,90,109,42,4.5,(368)
,Tenis Blueberry 33y Academia Confortável Knit Tecido,182,90,155,46,,
,Tênis Masculino Moda Fitness Caminhada Leve Barato Promoção,79,99,39,99,4.4,(368)
RAINHA,Tênis Rainha Drive Unissex Corrida Treino Academia Original,199,99,161,99,4.5,(17)
SKECHERS,Tênis Skechers Go Walk Max Masculino Caminhada Original+nf,279,90,174,30,4.9,(12)
ASICS,Tênis Asics Academia Corrida Treino Garantia,333,90,99,79,,
OLYMPIKUS,Tênis Esportivo Corrida Olympikus Veloz 3 Original,333,22,55,54,,
OLYMPIKUS,Olympikus Treino Venum Sem gênero Adultos,189,90,180,40,4.8,(676)
,Tênis Esportivo Masculino Para Academia Corrida Original,79,74,7,,4.6,(18)
,Tênis Cross Tryd 5400 Academia Caminhada Confortável Leve,99,99,69,99,4.5,(2467)
,Tênis Masculino Academia Original Feet Mega Leve Confortavel,119,90,71,94,4.9,(7)
BOX200,Tênis Masculino Tamanho Especial Esporte Caminhada Box 200,89,90,76,41,4.5,(897)
OLYMPIKUS,Tênis Masc./femi. Index 3 Casual Evasense Olympikus *oferta*,189,99,137,99,4.6,(345)
,Tênis Masculino Sapatenis Casual Jogger Esporte Confortável,79,74,7,,4.5,(24)
SAPATOFRAN,Tenis Esporte Masculino Academia Caminhada + Relógio Digital,104,90,71,25,4.6,(23)
AIR,Promoção Tenis Air Tn Dn Plus Max Vapor Premium Molas 24h,219,90,131,94,,
,Kit Tênis Academia Esportivo Tamanho Grande + Relógio,149,90,68,95,,
OLYMPIKUS,Tenis Olympikus Original Couro Treino Macio Envio Imediato,333,90,99,79,,
NEW BALANCE,Tênis Masculino New Balance 530 Academia Caminhada Corrida,399,70,119,90,,
OLDSEN,Tênis Masculino Para Correr Caminhar Colorado Oferta Barato ,78,90,71,01,4.3,(1172)
ASCENSION,Kit Masculino Tênis Esportivo Mais Garrafa Mochila Academia,159,29,31,86,,
NEW SPEED,Kit Tenis Masculino New Speed Treino Relogio Digital Com Bag,236,90,217,94,,
T-SHOES,Tênis Masculino Casual Original Refletivo 4 Molas Corrida,184,90,160,86,4.4,(7)
,Kit 3 Pares Tênis Masculino Caminhada Academia Olympic Pro,239,90,183,35,5.0,(6)
,Kit 2 Pares Tênis Masculino Para Academia Esportivo +relógio,135,90,33,98,4.6,(278)
SKECHERS,Tênis Skechers Go Run Lite Masculino Corrida - Caminhada,444,33,316,30,4.9,(8)
MIZUNO,Tênis De Corrida Masculino Mizuno Victory Rsp 0590 Original,452,90,317,03,4.7,(42)
FILA,Fila Float Maxxi 2 Masculino Adultos,699,90,562,99,4.9,(16)
NEW SPEED,Kit Tenis Masculino New Speed Com Relogio Digital Bolsa Bag,239,90,215,91,,
OLYMPIKUS,Olympikus CORRIDA Voa 2 Masculino Adultos,299,99,254,99,4.8,(864)
MIZUNO,Tênis Mizuno Cool Ride 2 Masculino Corrida - Caminhada,422,11,271,50,4.8,(108)
ASICS,Kit 2 Pares Ténis Asics Gel Revelation Treino Academia Leve,499,99,179,99,,
OLYMPIKUS,Tênis Olympikus Subverse Masculino- Petroleo,349,90,248,42,5.0,(2)
ASCENSION,Tênis Esportivo Ortopédico Para Academia Treino Dia A Dia,144,90,137,65,4.5,(619)
ASICS,Tênis Asics Gel Revelation Academia Promoção Lançamento Novo,333,33,99,99,5.0,(1)
,Tenis Olympikus Dynamic Masculino Esportivo  Original,289,90,275,40,4.8,(263)
ADEX,Tênis Futsal Capoeira Corrida Vôlei Casual Solado Borracha,99,10,89,73,4.4,(109)
,Kit Tênis Esportivo Academia Masculino Corrida Leve Original,78,99,68,40,4.3,(7)
,Tênis Esportivo Dpizar Olimp Olymp Caminhada Envio 24hrs,116,88,89,99,4.5,(2574)
,Kit Tênis 2 Pares Masculino Super Confortável Leve Academia,129,90,12,73,4.4,(62)
LORENZZO LOPEZ,Tênis Masculino Para Academia E Corrida Super Macio E Leve,39,90,,,4.2,(74)
OLYMPIKUS,Olympikus Casual Soma Masculino Adultos,199,99,169,99,4.8,(45)
SCHIARELI,Tenis  Esportivo Leve Confortavel Corrida Academia Original,120,80,106,47,4.8,(16)
REKOBA,Tênis Rekoba Hydra,199,90,33,32,,
,Tênis Meia Leve Caminhada Ortopédico Esporão Diabético,39,90,,,,
ADVANCED,Tenis Masculino Advanced Run Macio Leve Fitness Academia,109,90,36,63,,
,Tenis Masculino Ortopedico Corrida Caminhada Academia Treino,37,90,3,71,,
,Tenis Masculino Academia Branco Fast Corrida Run Air Knit,154,90,15,19,,
LORENZZO LOPEZ,Kit Tênis Esportivo Masculino Legacy E Relógio Digital,99,,33,,,
SCHIARELI,Tênis Masculino Esportivo Vermelho Ultra Leve Sch 595 Eva,129,90,32,48,,
AIR,Queimão Kit 2 Pares Air Tn Plus Molas Bolhas Corrida Esporte,299,99,197,99,,
,Tênis Para Corrida Olimpikus Veloz Caminhada Crossfit,99,90,94,90,4.1,(140)
,Kit Tênis Esportivo Masculino Legacy E Relógio Digital,79,74,7,,,
CONVERSE,Tênis Casual All Star Cano Baixo Ct0001,245,90,122,95,4.8,(11)
GP,Tênis Corrida Masculino Combo Sapato + Relógio + Carteira,88,47,8,67,,
FILA,Tenis Fila Progress Lite Masculino - Treino Em Eva Original,379,99,296,39,,
,Kit Tenis Leve Confortavel Academia + Fone De Ouvido,125,90,107,01,,
,Tênis Masculino Moda Fitness Caminhada Leve Barato Promoção,79,99,39,99,4.4,(368)
,Tênis Masculino Revior Esportivo Tamanho Especial 44-48,149,90,109,42,4.5,(368)
ASCENSION,Kit Masculino Tênis Esportivo Mais Garrafa Mochila Academia,159,29,31,86,,
,Kit Tenis Leve Confortavel Academia + Fone De Ouvido,125,90,107,01,,
,Tênis Esportivo Para Treino E Corrida Promopção,120,60,99,20,,
OLYMPIKUS,Tênis Olympikus Dynamic Preto/veridian,279,99,46,66,,
MIZUNO,Tênis Mulher Mizuno Academia Promoção Lançamento Macio Leve,333,33,119,99,,
,Tênis Old Skool Tradicional Cano Baixo Black And White,240,90,105,99,,
OLYMPIKUS,Tênis Olympikus Academia Corrida Caminhada Macio Treino Novo,333,33,99,99,,
,Tenis Blueberry 33y Academia Confortável Knit Tecido,182,90,155,46,,
,Tênis Cross Tryd 5400 Academia Caminhada Confortável Leve,99,99,69,99,4.5,(2467)
UNDER ARMOUR,Under Armour Charged Slight 3 Masculino Preto Adultos,359,90,323,91,5.0,(2)
ASICS,Tênis Masculino Academia Asics Revelation Promoção 34 Ao 43,333,90,99,79,,
OLYMPIKUS,Tênis Olympikus Pride 3 Sem Gênero 414j0213,349,99,34,22,,
POLO BLU,Sapatênis Masculino Kit Tênis Relógio Com Meia Confortável,89,90,8,81,,
ABUZZE,Tênis Masculino Corrida Academia Speed Run,149,90,37,48,,
ASICS,Tênis Asics Gel Revelation Academia Promoção Lançamento Leve,333,33,99,99,5.0,(4)
VANS,Tênis Vans Vr3 Ultrarange Unissex Marshmallow,599,70,179,94,4.5,(57)
,Tênis Masculino Academia Original Feet Mega Leve Confortavel,119,90,71,94,4.9,(7)
OLDSEN,Tênis Masculino Para Correr Caminhar Colorado Oferta Barato ,78,90,71,01,4.3,(1172)
BOX200,Tênis Masculino Tamanho Especial Esporte Caminhada Box 200,89,90,76,41,4.5,(897)
CONVERSE,Tenis 2 Par All Star Chuck Taylor Botinha Black Friday 40%of,285,25,204,04,,
,Tênis Esportivo Masculino Ref Legacy Corrida Academia,69,50,34,,,
MIZUNO,Tênis Mizuno Original Gel Academia Promoção Lançamento Macio,333,33,119,99,,
MIZUNO,Tênis Mizuno Wave Prophecy Sorayama Gray - Ori,1.499,40,1.424,,,
AIR,Promoção Tenis Air Tn Dn Plus Max Vapor Premium Amortecedor,219,90,131,94,,
,Tênis Unissex Academia Fast New Corrida Pro Run Air Knit,154,90,15,19,,
PUMA,Tênis Puma Suede Academia Corrida Treino Macio 34 A 43 Leve,333,33,99,99,,
WAVES,Kit 3 Pares Tênis Wave Creation 20 Molas Esportivo Corrida,217,91,21,36,4.4,(192)
ASICS,Kit 2 Pares Ténis Asics Gel Revelation Top Treinos Macio,499,99,179,99,,
WAVE,Promoção Tenis Ls Flor De Lotus Wave Premium Amortecedor 24h,295,90,162,74,4.4,(12)
OLYMPIKUS,Tênis P/ Corrida Masculino Olimpycuos Caminhada Confortável,129,80,32,45,3.8,(9)
WAVE,Tenis Wave Ls Flor De Lotus Premium Preto Off Pronta Entrega,369,90,159,05,4.0,(164)
,Tênis Masculino Ortopédico Academia Kit Relógio Fone Sem Fio,92,98,30,99,,
,Tênis Para Academia Caminhada Lançamento Original Confortáve,29,90,2,93,,
ASICS,Tênis Asics Superblast 2 Unissex Corrida Leve,989,90,98,99,,
ASICS,Tênis Asics Superblast 2 Unissex Corrida Leve Confortável,989,90,98,99,5.0,(4)
ASICS,Tênis Asics Novablast 5 Unissex Corrida Leve Confortável,819,90,81,99,,
FILA,Tênis Fila Racer Nairobi Masculino Esporte/corrida Original,429,90,300,93,,
OLDSEN,Tenis Masculino Lançamento Original Confortavel Tecido 38-45,78,95,55,26,4.3,(666)
NEW BALANCE,Tênis New Balance Couro Dia A Dia Macio Garantia Envio Ja,399,70,119,90,,
NEW SPEED,Tênis New Speed R Esportivo Lançamento,189,99,31,67,4.2,(5)
,Tenis Esportivo Masculino Treino Dia Dia Leve Academia Moda,89,90,74,86,4.6,(32)
,Tênis Masculino Preto Para Caminhada De Academia Esportivo,79,99,7,84,4.8,(117)
FILA,Tênis Fila Kr6 Masculino Corrida Speed Tech Foam Leve,499,99,379,99,,
,Tenis Feminino E Masculino Casual Old Estilo Off Star Oferta,69,90,62,91,4.3,(537)
NEW SPEED,Tênis Masculino New Speed R Sport Academia Crossfit,297,91,187,68,4.2,(20)
MIZUNO,Tênis Mizuno Cool Ride 2 Masculino,449,90,269,99,4.7,(29)
FILA,Tênis Fila Adr Masculino Treino E Casual Lifestyle Original,359,99,287,99,4.9,(31)
,Tenis  Masculino Promoção  Lançamento Original  Confortável.,69,90,59,41,4.6,(728)
WAVE,Tênis Esportivo Masculino Wave Creation 20 Molas Para Corrid,99,92,33,31,4.0,(15)
DM DAMANDO,Tenis Masculino Esportivo Academia Confortavel Crossfit Leve,82,90,8,13,4.6,(56)
FILA,Tênis De Corrida  Masculino Fila Recovery ,399,99,339,99,4.6,(5)
MIZUNO,Tênis Prophecy 8 Unissex Refletivo Confortável Oferta Única,520,66,393,30,4.9,(15)
RAINHA,Tenis Rainha Masculino Esportivo Casual Caminhada Corrida,264,90,158,94,4.5,(57)
ASCENSION,Tenis Para Caminhada Corrida Ultra Ortopedico Leve Macio,69,50,34,,4.7,(35)
PUMA,Puma Smash V2 L Masculino Adultos,349,99,248,49,4.8,(39)
